{"F_norm": [999, 221.32555207205516, 170.50219939930395, 143.47125147568764, 129.84991336154215], "CMAE": [0.4016743010582846, 0.4040628471671163, 0.40683378572569057, 0.4055653286422517, 0.4061395049823208], "01_loss": [0.342125, 0.34575, 0.3491875, 0.3496875, 0.3516875], "RMSE": [1.078975208241598, 1.0852131127110471, 1.0903841066339879, 1.0930176119349586, 1.0963291020491976]}